{
    "loss": 0.3779270648956299,
    "accuracy": 0.8611111044883728
}